{"cameraMode":{"drawMode":0,"name":"Shaded","section":"Shading Mode"},"sceneLighting":false,"audioPlay":false,"sceneViewState":{"m_AlwaysRefresh":false,"showFog":true,"showSkybox":false,"showFlares":true,"showImageEffects":true,"showParticleSystems":true,"showVisualEffectGraphs":true,"m_FxEnabled":true},"in2DMode":false,"pivot":{"x":-0.1391858458518982,"y":-0.13801179826259614,"z":0.08187294006347656},"rotation":{"x":-0.006880824454128742,"y":0.9706496596336365,"z":-0.027971753850579263,"w":-0.2387680858373642},"size":0.7910120487213135,"orthographic":false}