{"cameraMode":{"drawMode":0,"name":"Shaded","section":"Shading Mode"},"sceneLighting":true,"audioPlay":false,"sceneViewState":{"m_AlwaysRefresh":false,"showFog":true,"showSkybox":true,"showFlares":true,"showImageEffects":true,"showParticleSystems":true,"showVisualEffectGraphs":true,"m_FxEnabled":true},"in2DMode":false,"pivot":{"x":-12.530391693115235,"y":54.870323181152347,"z":-4.545391082763672},"rotation":{"x":0.14911365509033204,"y":0.8325122594833374,"z":0.46043071150779726,"w":-0.2696167528629303},"size":41.679534912109378,"orthographic":false}